what,kind,bundleId,bundleVersion,description,time
executed,command,,,"AUTOGEN:::org.eclipse.jdt.internal.ui.CompilationUnitEditor.ruler.actions/org.eclipse.jdt.internal.ui.javaeditor.JavaSelectRulerAction",1494437507284
executed,command,,,"AUTOGEN:::org.eclipse.jdt.internal.ui.CompilationUnitEditor.ruler.actions/org.eclipse.jdt.internal.ui.javaeditor.JavaSelectRulerAction",1494437507368
deactivated,workbench,org.eclipse.ui.workbench,3.7.1.v20120104-1859,"",1494437508690
activated,workbench,org.eclipse.ui.workbench,3.7.1.v20120104-1859,"",1494437510592
deactivated,workbench,org.eclipse.ui.workbench,3.7.1.v20120104-1859,"",1494437511464
activated,workbench,org.eclipse.ui.workbench,3.7.1.v20120104-1859,"",1494437738940
activated,view,org.eclipse.ui.ide,3.7.0.v20110928-1505,"org.eclipse.ui.views.AllMarkersView",1494437739194
activated,view,org.eclipse.ui.navigator.resources,3.4.300.v20110928-1505,"org.eclipse.ui.navigator.ProjectExplorer",1494437741492
deactivated,workbench,org.eclipse.ui.workbench,3.7.1.v20120104-1859,"",1494437756579
activated,workbench,org.eclipse.ui.workbench,3.7.1.v20120104-1859,"",1494437774719
executed,command,org.eclipse.ui,3.7.0.v20110928-1505,"org.eclipse.ui.window.preferences",1494437774779
executed,command,org.eclipse.ui,3.7.0.v20110928-1505,"org.eclipse.ui.file.refresh",1494437782349
deactivated,workbench,org.eclipse.ui.workbench,3.7.1.v20120104-1859,"",1494437799628
activated,workbench,org.eclipse.ui.workbench,3.7.1.v20120104-1859,"",1494437847112
executed,command,org.eclipse.ui,3.7.0.v20110928-1505,"org.eclipse.ui.window.preferences",1494437847165
activated,view,org.eclipse.ui.ide,3.7.0.v20110928-1505,"org.eclipse.ui.views.AllMarkersView",1494437847297
activated,editor,org.eclipse.jdt.ui,3.7.2.v20120109-1427,"org.eclipse.jdt.ui.CompilationUnitEditor",1494437849252
executed,command,,,"AUTOGEN:::org.eclipse.jdt.debug.CompilationUnitEditor.BreakpointRulerActions/org.eclipse.jdt.debug.ui.actions.ManageBreakpointRulerAction",1494437849268
executed,command,,,"AUTOGEN:::org.eclipse.jdt.debug.CompilationUnitEditor.BreakpointRulerActions/org.eclipse.jdt.debug.ui.actions.ManageBreakpointRulerAction",1494437850817
executed,command,,,"AUTOGEN:::org.eclipse.jdt.debug.CompilationUnitEditor.BreakpointRulerActions/org.eclipse.jdt.debug.ui.actions.ManageBreakpointRulerAction",1494437852003
executed,command,,,"AUTOGEN:::org.eclipse.jdt.debug.CompilationUnitEditor.BreakpointRulerActions/org.eclipse.jdt.debug.ui.actions.ManageBreakpointRulerAction",1494437854632
executed,command,,,"AUTOGEN:::org.eclipse.jdt.internal.ui.CompilationUnitEditor.ruler.actions/org.eclipse.jdt.internal.ui.javaeditor.JavaSelectRulerAction",1494437855201
executed,command,,,"AUTOGEN:::org.eclipse.jdt.internal.ui.CompilationUnitEditor.ruler.actions/org.eclipse.jdt.internal.ui.javaeditor.JavaSelectRulerAction",1494437855300
deactivated,workbench,org.eclipse.ui.workbench,3.7.1.v20120104-1859,"",1494437856436
activated,workbench,org.eclipse.ui.workbench,3.7.1.v20120104-1859,"",1494437856655
deactivated,workbench,org.eclipse.ui.workbench,3.7.1.v20120104-1859,"",1494437857463
activated,workbench,org.eclipse.ui.workbench,3.7.1.v20120104-1859,"",1494437971252
activated,view,org.eclipse.ui.ide,3.7.0.v20110928-1505,"org.eclipse.ui.views.AllMarkersView",1494437971437
deactivated,workbench,org.eclipse.ui.workbench,3.7.1.v20120104-1859,"",1494437977440
activated,workbench,org.eclipse.ui.workbench,3.7.1.v20120104-1859,"",1494437984143
executed,command,org.eclipse.ui.ide,3.7.0.v20110928-1505,"org.eclipse.ui.project.cleanAction",1494437984174
started,bundle,org.eclipse.wst.xsl.exslt.core,1.0.0.v201005240426,"org.eclipse.wst.xsl.exslt.core",1494437984905
started,bundle,org.eclipse.wst.internet.cache,1.0.400.v201004280700,"org.eclipse.wst.internet.cache",1494437985774
deactivated,workbench,org.eclipse.ui.workbench,3.7.1.v20120104-1859,"",1494438001254
activated,workbench,org.eclipse.ui.workbench,3.7.1.v20120104-1859,"",1494438010860
executed,command,org.eclipse.ui,3.7.0.v20110928-1505,"org.eclipse.ui.window.preferences",1494438010907
deactivated,workbench,org.eclipse.ui.workbench,3.7.1.v20120104-1859,"",1494438014856
activated,workbench,org.eclipse.ui.workbench,3.7.1.v20120104-1859,"",1494438015079
deactivated,workbench,org.eclipse.ui.workbench,3.7.1.v20120104-1859,"",1494438015942
started,bundle,org.eclipse.jst.server.ui,1.1.202.v20110419,"org.eclipse.jst.server.ui",1494438051680
activated,workbench,org.eclipse.ui.workbench,3.7.1.v20120104-1859,"",1494438110595
activated,editor,org.eclipse.jdt.ui,3.7.2.v20120109-1427,"org.eclipse.jdt.ui.CompilationUnitEditor",1494438123188
activated,editor,org.eclipse.jdt.ui,3.7.2.v20120109-1427,"org.eclipse.jdt.ui.CompilationUnitEditor",1494438209469
started,bundle,org.eclipse.mylyn.java.tasks,3.6.0.v20110608-1400,"org.eclipse.mylyn.java.tasks",1494438213586
executed,command,,,"AUTOGEN:::org.eclipse.jdt.debug.CompilationUnitEditor.BreakpointRulerActions/org.eclipse.jdt.debug.ui.actions.ManageBreakpointRulerAction",1494438227637
executed,command,,,"AUTOGEN:::org.eclipse.jdt.internal.ui.CompilationUnitEditor.ruler.actions/org.eclipse.jdt.internal.ui.javaeditor.JavaSelectRulerAction",1494438229346
executed,command,,,"AUTOGEN:::org.eclipse.jdt.internal.ui.CompilationUnitEditor.ruler.actions/org.eclipse.jdt.internal.ui.javaeditor.JavaSelectRulerAction",1494438229415
activated,view,org.eclipse.ui.navigator.resources,3.4.300.v20110928-1505,"org.eclipse.ui.navigator.ProjectExplorer",1494438232820
activated,editor,org.eclipse.jdt.ui,3.7.2.v20120109-1427,"org.eclipse.jdt.ui.CompilationUnitEditor",1494438233303
activated,view,org.eclipse.ui.navigator.resources,3.4.300.v20110928-1505,"org.eclipse.ui.navigator.ProjectExplorer",1494438235860
executed,command,org.eclipse.ui,3.7.0.v20110928-1505,"org.eclipse.ui.file.refresh",1494438239413
activated,editor,org.eclipse.jdt.ui,3.7.2.v20120109-1427,"org.eclipse.jdt.ui.CompilationUnitEditor",1494438241846
activated,editor,org.eclipse.jdt.ui,3.7.2.v20120109-1427,"org.eclipse.jdt.ui.CompilationUnitEditor",1494438242031
closed,editor,org.eclipse.jdt.ui,3.7.2.v20120109-1427,"org.eclipse.jdt.ui.CompilationUnitEditor",1494438242031
activated,view,org.eclipse.ui.navigator.resources,3.4.300.v20110928-1505,"org.eclipse.ui.navigator.ProjectExplorer",1494438246497
opened,editor,org.eclipse.jdt.ui,3.7.2.v20120109-1427,"org.eclipse.jdt.ui.CompilationUnitEditor",1494438248811
activated,editor,org.eclipse.jdt.ui,3.7.2.v20120109-1427,"org.eclipse.jdt.ui.CompilationUnitEditor",1494438249181
activated,editor,org.eclipse.jdt.ui,3.7.2.v20120109-1427,"org.eclipse.jdt.ui.CompilationUnitEditor",1494438257010
deactivated,workbench,org.eclipse.ui.workbench,3.7.1.v20120104-1859,"",1494438286798
activated,workbench,org.eclipse.ui.workbench,3.7.1.v20120104-1859,"",1494438298760
activated,view,org.eclipse.ui.navigator.resources,3.4.300.v20110928-1505,"org.eclipse.ui.navigator.ProjectExplorer",1494438298829
activated,editor,org.eclipse.jdt.ui,3.7.2.v20120109-1427,"org.eclipse.jdt.ui.CompilationUnitEditor",1494438339706
executed,command,org.eclipse.ui,3.7.0.v20110928-1505,"org.eclipse.ui.edit.copy",1494438342925
executed,command,org.eclipse.ui,3.7.0.v20110928-1505,"org.eclipse.ui.edit.copy",1494438343056
deactivated,workbench,org.eclipse.ui.workbench,3.7.1.v20120104-1859,"",1494438345895
activated,workbench,org.eclipse.ui.workbench,3.7.1.v20120104-1859,"",1494438749784
activated,view,org.eclipse.ui.navigator.resources,3.4.300.v20110928-1505,"org.eclipse.ui.navigator.ProjectExplorer",1494438752911
deactivated,workbench,org.eclipse.ui.workbench,3.7.1.v20120104-1859,"",1494438773340
activated,workbench,org.eclipse.ui.workbench,3.7.1.v20120104-1859,"",1494438797733
deactivated,workbench,org.eclipse.ui.workbench,3.7.1.v20120104-1859,"",1494438809164
activated,workbench,org.eclipse.ui.workbench,3.7.1.v20120104-1859,"",1494438811835
executed,command,org.eclipse.ui.ide,3.7.0.v20110928-1505,"org.eclipse.ui.project.cleanAction",1494438811866
executed,command,org.eclipse.ui,3.7.0.v20110928-1505,"org.eclipse.ui.file.refresh",1494438827966
executed,command,org.eclipse.ui,3.7.0.v20110928-1505,"org.eclipse.ui.edit.copy",1494438882945
deactivated,workbench,org.eclipse.ui.workbench,3.7.1.v20120104-1859,"",1494438886952
activated,workbench,org.eclipse.ui.workbench,3.7.1.v20120104-1859,"",1494438890741
executed,command,org.eclipse.ui,3.7.0.v20110928-1505,"org.eclipse.ui.edit.paste",1494438890763
deactivated,workbench,org.eclipse.ui.workbench,3.7.1.v20120104-1859,"",1494438893367
activated,workbench,org.eclipse.ui.workbench,3.7.1.v20120104-1859,"",1494438921335
deactivated,workbench,org.eclipse.ui.workbench,3.7.1.v20120104-1859,"",1494438924140
activated,workbench,org.eclipse.ui.workbench,3.7.1.v20120104-1859,"",1494438927446
executed,command,org.eclipse.ui,3.7.0.v20110928-1505,"org.eclipse.ui.edit.paste",1494438927478
deactivated,workbench,org.eclipse.ui.workbench,3.7.1.v20120104-1859,"",1494438941468
activated,workbench,org.eclipse.ui.workbench,3.7.1.v20120104-1859,"",1494438942230
deactivated,workbench,org.eclipse.ui.workbench,3.7.1.v20120104-1859,"",1494438951895
activated,workbench,org.eclipse.ui.workbench,3.7.1.v20120104-1859,"",1494438969078
deactivated,workbench,org.eclipse.ui.workbench,3.7.1.v20120104-1859,"",1494438981689
activated,workbench,org.eclipse.ui.workbench,3.7.1.v20120104-1859,"",1494438984426
executed,command,org.eclipse.ui.ide,3.7.0.v20110928-1505,"org.eclipse.ui.project.cleanAction",1494438984473
executed,command,org.eclipse.ui,3.7.0.v20110928-1505,"org.eclipse.ui.file.refresh",1494438998150
deactivated,workbench,org.eclipse.ui.workbench,3.7.1.v20120104-1859,"",1494439005854
activated,workbench,org.eclipse.ui.workbench,3.7.1.v20120104-1859,"",1494439006571
deactivated,workbench,org.eclipse.ui.workbench,3.7.1.v20120104-1859,"",1494439012240
activated,workbench,org.eclipse.ui.workbench,3.7.1.v20120104-1859,"",1494439024741
deactivated,workbench,org.eclipse.ui.workbench,3.7.1.v20120104-1859,"",1494439051553
activated,workbench,org.eclipse.ui.workbench,3.7.1.v20120104-1859,"",1494439056109
activated,editor,org.eclipse.jdt.ui,3.7.2.v20120109-1427,"org.eclipse.jdt.ui.CompilationUnitEditor",1494439267310
started,bundle,org.eclipse.mylyn.ide.ui,3.6.0.v20110608-1400,"org.eclipse.mylyn.ide.ui",1494439273218
started,bundle,org.eclipse.jpt.jaxb.ui,1.1.2.v201201260000,"org.eclipse.jpt.jaxb.ui",1494439273296
started,bundle,org.eclipse.jpt.jpa.ui,3.0.2.v201201243020,"org.eclipse.jpt.jpa.ui",1494439273334
started,bundle,org.eclipse.jst.ws.jaxws.ui,1.0.100.v201104032053,"org.eclipse.jst.ws.jaxws.ui",1494439273534
started,bundle,org.eclipse.mylyn.java.ui,3.6.0.v20110608-1400,"org.eclipse.mylyn.java.ui",1494439273565
started,bundle,org.eclipse.pde.api.tools,1.0.301.v20111129-2053,"org.eclipse.pde.api.tools",1494439273719
started,bundle,org.eclipse.pde.api.tools.ui,1.0.301.v20110803_r371,"org.eclipse.pde.api.tools.ui",1494439273719
started,bundle,org.eclipse.jpt.jaxb.core,1.0.2.v201111103010,"org.eclipse.jpt.jaxb.core",1494439274985
executed,command,org.eclipse.ui,3.7.0.v20110928-1505,"org.eclipse.ui.file.save",1494439309343
executed,command,org.eclipse.ui,3.7.0.v20110928-1505,"org.eclipse.ui.edit.delete",1494439310910
executed,command,org.eclipse.ui,3.7.0.v20110928-1505,"org.eclipse.ui.file.save",1494439313699
deactivated,workbench,org.eclipse.ui.workbench,3.7.1.v20120104-1859,"",1494439351587
activated,workbench,org.eclipse.ui.workbench,3.7.1.v20120104-1859,"",1494439351741
error,log,,,"Could not retrieve interfaces",1494439352141
executed,command,org.eclipse.ui,3.7.0.v20110928-1505,"org.eclipse.ui.edit.undo",1494439368567
executed,command,org.eclipse.ui,3.7.0.v20110928-1505,"org.eclipse.ui.edit.undo",1494439369167
executed,command,org.eclipse.ui,3.7.0.v20110928-1505,"org.eclipse.ui.edit.undo",1494439369221
executed,command,org.eclipse.ui,3.7.0.v20110928-1505,"org.eclipse.ui.edit.undo",1494439392060
executed,command,org.eclipse.ui,3.7.0.v20110928-1505,"org.eclipse.ui.edit.delete",1494439406236
executed,command,org.eclipse.ui,3.7.0.v20110928-1505,"org.eclipse.ui.file.save",1494439412859
executed,command,org.eclipse.ui,3.7.0.v20110928-1505,"org.eclipse.ui.edit.undo",1494439423511
deactivated,workbench,org.eclipse.ui.workbench,3.7.1.v20120104-1859,"",1494439431351
activated,workbench,org.eclipse.ui.workbench,3.7.1.v20120104-1859,"",1494439471441
deactivated,workbench,org.eclipse.ui.workbench,3.7.1.v20120104-1859,"",1494439473273
activated,workbench,org.eclipse.ui.workbench,3.7.1.v20120104-1859,"",1494439479816
executed,command,org.eclipse.ui,3.7.0.v20110928-1505,"org.eclipse.ui.edit.paste",1494439483061
executed,command,org.eclipse.ui,3.7.0.v20110928-1505,"org.eclipse.ui.file.save",1494439484761
activated,view,org.eclipse.ui.navigator.resources,3.4.300.v20110928-1505,"org.eclipse.ui.navigator.ProjectExplorer",1494439492179
started,bundle,org.eclipse.mylyn.resources.ui,3.6.0.v20110608-1400,"org.eclipse.mylyn.resources.ui",1494439492680
deactivated,workbench,org.eclipse.ui.workbench,3.7.1.v20120104-1859,"",1494439497418
activated,workbench,org.eclipse.ui.workbench,3.7.1.v20120104-1859,"",1494439500037
executed,command,org.eclipse.ui.ide,3.7.0.v20110928-1505,"org.eclipse.ui.project.cleanAction",1494439500087
activated,editor,org.eclipse.jdt.ui,3.7.2.v20120109-1427,"org.eclipse.jdt.ui.CompilationUnitEditor",1494439509206
deactivated,workbench,org.eclipse.ui.workbench,3.7.1.v20120104-1859,"",1494439512664
activated,workbench,org.eclipse.ui.workbench,3.7.1.v20120104-1859,"",1494439519356
deactivated,workbench,org.eclipse.ui.workbench,3.7.1.v20120104-1859,"",1494439521391
activated,workbench,org.eclipse.ui.workbench,3.7.1.v20120104-1859,"",1494439538283
deactivated,workbench,org.eclipse.ui.workbench,3.7.1.v20120104-1859,"",1494439545463
activated,workbench,org.eclipse.ui.workbench,3.7.1.v20120104-1859,"",1494439589778
activated,view,org.eclipse.ui.ide,3.7.0.v20110928-1505,"org.eclipse.ui.views.AllMarkersView",1494439606817
deactivated,workbench,org.eclipse.ui.workbench,3.7.1.v20120104-1859,"",1494439616600
activated,workbench,org.eclipse.ui.workbench,3.7.1.v20120104-1859,"",1494439644086
deactivated,workbench,org.eclipse.ui.workbench,3.7.1.v20120104-1859,"",1494439651298
activated,workbench,org.eclipse.ui.workbench,3.7.1.v20120104-1859,"",1494439786978
deactivated,workbench,org.eclipse.ui.workbench,3.7.1.v20120104-1859,"",1494439787040
activated,workbench,org.eclipse.ui.workbench,3.7.1.v20120104-1859,"",1494439787224
deactivated,workbench,org.eclipse.ui.workbench,3.7.1.v20120104-1859,"",1494439792401
activated,workbench,org.eclipse.ui.workbench,3.7.1.v20120104-1859,"",1494439800674
executed,command,org.eclipse.ui.ide,3.7.0.v20110928-1505,"org.eclipse.ui.project.cleanAction",1494439800711
activated,editor,org.eclipse.jdt.ui,3.7.2.v20120109-1427,"org.eclipse.jdt.ui.CompilationUnitEditor",1494439800944
deactivated,workbench,org.eclipse.ui.workbench,3.7.1.v20120104-1859,"",1494439804519
activated,workbench,org.eclipse.ui.workbench,3.7.1.v20120104-1859,"",1494439807817
closed,workbench,org.eclipse.ui.workbench,3.7.1.v20120104-1859,"",1494439812435
executed,command,org.eclipse.ui,3.7.0.v20110928-1505,"org.eclipse.ui.file.restartWorkbench",1494439813367
stopped,bundle,org.eclipse.jst.ws.axis.creation.ui,1.0.700.v201104070312,"org.eclipse.jst.ws.axis.creation.ui",1494439813799
activated,perspective,org.eclipse.jst.j2ee.ui,,"org.eclipse.jst.j2ee.J2EEPerspective",1494439872972
started,bundle,org.eclipse.osgi,3.7.2.v20120110-1415,"org.eclipse.osgi",1494439872977
started,bundle,org.eclipse.equinox.simpleconfigurator,1.0.200.v20110815-1438,"org.eclipse.equinox.simpleconfigurator",1494439872979
started,bundle,com.ibm.icu,4.4.2.v20110823,"com.ibm.icu",1494439872984
started,bundle,org.eclipse.compare.core,3.5.200.I20110208-0800,"org.eclipse.compare.core",1494439872987
started,bundle,org.eclipse.core.contenttype,3.4.100.v20110423-0524,"org.eclipse.core.contenttype",1494439872995
started,bundle,org.eclipse.core.databinding.observable,1.4.0.I20110222-0800,"org.eclipse.core.databinding.observable",1494439873007
started,bundle,org.eclipse.core.expressions,3.4.300.v20110228,"org.eclipse.core.expressions",1494439873012
started,bundle,org.eclipse.core.filebuffers,3.5.200.v20110928-1504,"org.eclipse.core.filebuffers",1494439873028
started,bundle,org.eclipse.core.filesystem,1.3.100.v20110423-0524,"org.eclipse.core.filesystem",1494439873033
started,bundle,org.eclipse.core.jobs,3.5.101.v20120113-1953,"org.eclipse.core.jobs",1494439873035
started,bundle,org.eclipse.core.net,1.2.100.I20110511-0800,"org.eclipse.core.net",1494439873045
started,bundle,org.eclipse.core.resources,3.7.101.v20120125-1505,"org.eclipse.core.resources",1494439873051
started,bundle,org.eclipse.core.runtime,3.7.0.v20110110,"org.eclipse.core.runtime",1494439873054
started,bundle,org.eclipse.core.runtime.compatibility,3.2.100.v20100505,"org.eclipse.core.runtime.compatibility",1494439873058
started,bundle,org.eclipse.core.runtime.compatibility.auth,3.2.200.v20110110,"org.eclipse.core.runtime.compatibility.auth",1494439873062
started,bundle,org.eclipse.core.variables,3.2.500.v20110928-1503,"org.eclipse.core.variables",1494439873067
started,bundle,org.eclipse.debug.core,3.7.1.v20111129-2031,"org.eclipse.debug.core",1494439873559
started,bundle,org.eclipse.emf.common,2.7.0.v20120127-1122,"org.eclipse.emf.common",1494439873561
started,bundle,org.eclipse.emf.common.ui,2.7.0.v20120130-0943,"org.eclipse.emf.common.ui",1494439873564
started,bundle,org.eclipse.emf.ecore,2.7.0.v20120127-1122,"org.eclipse.emf.ecore",1494439873569
started,bundle,org.eclipse.emf.ecore.xmi,2.7.0.v20120127-1122,"org.eclipse.emf.ecore.xmi",1494439873572
started,bundle,org.eclipse.emf.edit,2.7.2.v20120130-0943,"org.eclipse.emf.edit",1494439873575
started,bundle,org.eclipse.emf.edit.ui,2.7.0.v20120130-0943,"org.eclipse.emf.edit.ui",1494439873579
started,bundle,org.eclipse.epp.mpc.ui,1.1.1.I20110907-0947,"org.eclipse.epp.mpc.ui",1494439873581
started,bundle,org.eclipse.epp.usagedata.gathering,1.3.1.R201106061540,"org.eclipse.epp.usagedata.gathering",1494439873583
started,bundle,org.eclipse.epp.usagedata.recording,1.3.1.R201106061540,"org.eclipse.epp.usagedata.recording",1494439873585
started,bundle,org.eclipse.equinox.app,1.3.100.v20110321,"org.eclipse.equinox.app",1494439873587
started,bundle,org.eclipse.equinox.common,3.6.0.v20110523,"org.eclipse.equinox.common",1494439873590
started,bundle,org.eclipse.equinox.ds,1.3.1.R37x_v20110701,"org.eclipse.equinox.ds",1494439873594
started,bundle,org.eclipse.equinox.event,1.2.100.v20110502,"org.eclipse.equinox.event",1494439873601
started,bundle,org.eclipse.equinox.p2.core,2.1.1.v20120113-1346,"org.eclipse.equinox.p2.core",1494439873604
started,bundle,org.eclipse.equinox.p2.directorywatcher,1.0.300.v20110815-1419,"org.eclipse.equinox.p2.directorywatcher",1494439873613
started,bundle,org.eclipse.equinox.p2.engine,2.1.1.R37x_v20111003,"org.eclipse.equinox.p2.engine",1494439873621
started,bundle,org.eclipse.equinox.p2.metadata,2.1.0.v20110815-1419,"org.eclipse.equinox.p2.metadata",1494439873623
started,bundle,org.eclipse.equinox.p2.metadata.repository,1.2.0.v20110815-1419,"org.eclipse.equinox.p2.metadata.repository",1494439873626
started,bundle,org.eclipse.equinox.p2.operations,2.1.1.R37x_v20111111,"org.eclipse.equinox.p2.operations",1494439873627
started,bundle,org.eclipse.equinox.p2.reconciler.dropins,1.1.100.v20110815-1419,"org.eclipse.equinox.p2.reconciler.dropins",1494439873630
started,bundle,org.eclipse.equinox.p2.repository,2.1.1.v20120113-1346,"org.eclipse.equinox.p2.repository",1494439873633
started,bundle,org.eclipse.equinox.p2.ui.sdk.scheduler,1.0.100.v20110815-1419,"org.eclipse.equinox.p2.ui.sdk.scheduler",1494439873636
started,bundle,org.eclipse.equinox.p2.updatechecker,1.1.200.v20110815-1419,"org.eclipse.equinox.p2.updatechecker",1494439873637
started,bundle,org.eclipse.equinox.preferences,3.4.2.v20120111-2020,"org.eclipse.equinox.preferences",1494439873647
started,bundle,org.eclipse.equinox.registry,3.5.101.R37x_v20110810-1611,"org.eclipse.equinox.registry",1494439873653
started,bundle,org.eclipse.equinox.security,1.1.1.R37x_v20110822-1018,"org.eclipse.equinox.security",1494439873657
started,bundle,org.eclipse.equinox.util,1.0.300.v20110502,"org.eclipse.equinox.util",1494439873660
started,bundle,org.eclipse.help,3.5.100.v20110426,"org.eclipse.help",1494439873664
started,bundle,org.eclipse.jdt.apt.core,3.3.500.v20110420-1015,"org.eclipse.jdt.apt.core",1494439873666
started,bundle,org.eclipse.jdt.apt.pluggable.core,1.0.400.v20110305-1450,"org.eclipse.jdt.apt.pluggable.core",1494439873669
started,bundle,org.eclipse.jdt.core,3.7.3.v20120119-1537,"org.eclipse.jdt.core",1494439873675
started,bundle,org.eclipse.jdt.core.manipulation,1.4.0.v20110928-1453,"org.eclipse.jdt.core.manipulation",1494439873678
started,bundle,org.eclipse.jdt.debug,3.7.1.v20111006_r372,"org.eclipse.jdt.debug",1494439873693
started,bundle,org.eclipse.jdt.junit,3.7.0.v20110928-1453,"org.eclipse.jdt.junit",1494439873706
started,bundle,org.eclipse.jdt.launching,3.6.1.v20111006_r372,"org.eclipse.jdt.launching",1494439873710
started,bundle,org.eclipse.jdt.ui,3.7.2.v20120109-1427,"org.eclipse.jdt.ui",1494439873710
started,bundle,org.eclipse.jem,2.0.501.v201111030500,"org.eclipse.jem",1494439873713
started,bundle,org.eclipse.jem.util,2.1.100.v201103021400,"org.eclipse.jem.util",1494439873717
started,bundle,org.eclipse.jem.workbench,2.0.400.v201104251400,"org.eclipse.jem.workbench",1494439873720
started,bundle,org.eclipse.jface,3.7.0.v20110928-1505,"org.eclipse.jface",1494439873723
started,bundle,org.eclipse.jsch.core,1.1.300.I20110514-0800,"org.eclipse.jsch.core",1494439873725
started,bundle,org.eclipse.jst.common.frameworks,1.1.501.v201201190400,"org.eclipse.jst.common.frameworks",1494439873727
started,bundle,org.eclipse.jst.common.project.facet.core,1.4.200.v201103170302,"org.eclipse.jst.common.project.facet.core",1494439873731
started,bundle,org.eclipse.jst.j2ee,1.1.503.v201202090300,"org.eclipse.jst.j2ee",1494439873736
started,bundle,org.eclipse.jst.j2ee.core,1.2.102.v201202090300,"org.eclipse.jst.j2ee.core",1494439873742
started,bundle,org.eclipse.jst.j2ee.navigator.ui,1.1.501.v201107261503,"org.eclipse.jst.j2ee.navigator.ui",1494439873751
started,bundle,org.eclipse.jst.j2ee.ui,1.1.503.v201201190400,"org.eclipse.jst.j2ee.ui",1494439873759
started,bundle,org.eclipse.jst.j2ee.web,1.1.502.v201202090300,"org.eclipse.jst.j2ee.web",1494439873766
started,bundle,org.eclipse.jst.j2ee.webservice,1.1.400.v201004110600,"org.eclipse.jst.j2ee.webservice",1494439873771
started,bundle,org.eclipse.jst.j2ee.webservice.ui,1.1.500.v201105122000,"org.eclipse.jst.j2ee.webservice.ui",1494439873774
started,bundle,org.eclipse.jst.jee,1.0.402.v201202021530,"org.eclipse.jst.jee",1494439873778
started,bundle,org.eclipse.jst.jee.ui,1.0.401.v201202011107,"org.eclipse.jst.jee.ui",1494439873785
started,bundle,org.eclipse.jst.server.core,1.2.202.v20110419,"org.eclipse.jst.server.core",1494439873787
started,bundle,org.eclipse.jst.server.tomcat.core,1.1.301.v20111010_1242,"org.eclipse.jst.server.tomcat.core",1494439873824
started,bundle,org.eclipse.jst.ws.jaxrs.core,1.0.301.v201108240656,"org.eclipse.jst.ws.jaxrs.core",1494439873834
started,bundle,org.eclipse.jst.ws.jaxws.utils,1.0.100.v201201031437,"org.eclipse.jst.ws.jaxws.utils",1494439873842
started,bundle,org.eclipse.ltk.core.refactoring,3.5.201.r372_v20111101-0700,"org.eclipse.ltk.core.refactoring",1494439873848
started,bundle,org.eclipse.ltk.ui.refactoring,3.6.0.v20110928-1453,"org.eclipse.ltk.ui.refactoring",1494439873855
started,bundle,org.eclipse.mylyn.bugzilla.core,3.6.5.v20120123-0100,"org.eclipse.mylyn.bugzilla.core",1494439873859
started,bundle,org.eclipse.mylyn.bugzilla.ui,3.6.0.v20110608-1400,"org.eclipse.mylyn.bugzilla.ui",1494439873869
started,bundle,org.eclipse.mylyn.commons.identity,0.8.0.v20110608-1400,"org.eclipse.mylyn.commons.identity",1494439873872
started,bundle,org.eclipse.mylyn.commons.net,3.6.0.v20110608-1400,"org.eclipse.mylyn.commons.net",1494439873872
started,bundle,org.eclipse.mylyn.commons.ui,3.6.1.v20110720-0100,"org.eclipse.mylyn.commons.ui",1494439873879
started,bundle,org.eclipse.mylyn.context.core,3.6.1.v20110720-0100,"org.eclipse.mylyn.context.core",1494439873882
started,bundle,org.eclipse.mylyn.context.ui,3.6.1.v20120112-0100,"org.eclipse.mylyn.context.ui",1494439873889
started,bundle,org.eclipse.mylyn.monitor.ui,3.6.0.v20110608-1400,"org.eclipse.mylyn.monitor.ui",1494439873894
started,bundle,org.eclipse.mylyn.tasks.ui,3.6.5.v20120215-0100,"org.eclipse.mylyn.tasks.ui",1494439873903
started,bundle,org.eclipse.mylyn.team.ui,3.6.1.v20110825-0100,"org.eclipse.mylyn.team.ui",1494439873908
started,bundle,org.eclipse.search,3.7.0.v20110928-1504,"org.eclipse.search",1494439873916
started,bundle,org.eclipse.team.core,3.6.0.I20110525-0800,"org.eclipse.team.core",1494439873922
started,bundle,org.eclipse.team.cvs.core,3.3.400.I20110510-0800,"org.eclipse.team.cvs.core",1494439873927
started,bundle,org.eclipse.team.cvs.ui,3.3.401.v20120126-1227,"org.eclipse.team.cvs.ui",1494439873936
started,bundle,org.eclipse.team.ui,3.6.101.R37x_v20111109-0800,"org.eclipse.team.ui",1494439873944
started,bundle,org.eclipse.ui,3.7.0.v20110928-1505,"org.eclipse.ui",1494439873950
started,bundle,org.eclipse.ui.console,3.5.100.v20111007_r372,"org.eclipse.ui.console",1494439873955
started,bundle,org.eclipse.ui.editors,3.7.0.v20110928-1504,"org.eclipse.ui.editors",1494439873955
started,bundle,org.eclipse.ui.forms,3.5.101.v20111011-1919,"org.eclipse.ui.forms",1494439873960
started,bundle,org.eclipse.ui.ide,3.7.0.v20110928-1505,"org.eclipse.ui.ide",1494439873970
started,bundle,org.eclipse.ui.navigator,3.5.101.v20120106-1355,"org.eclipse.ui.navigator",1494439873977
started,bundle,org.eclipse.ui.navigator.resources,3.4.300.v20110928-1505,"org.eclipse.ui.navigator.resources",1494439873981
started,bundle,org.eclipse.ui.net,1.2.100.v20111208-1155,"org.eclipse.ui.net",1494439873987
started,bundle,org.eclipse.ui.views,3.6.0.v20110928-1505,"org.eclipse.ui.views",1494439873993
